{
  "H": 0.2,
  "truth": 1.01,
  "M": 200000,
  "n_max": 64,
  "seed": 7,
  "rows": [
    {
      "N": 150,
      "nfac": 139,
      "a_cpl": 0.8037614517243791,
      "a_cpl_se": 0.019507393425352255,
      "a_dir": 0.6608692488325107,
      "a_dir_se": 0.022197064995376836,
      "a_comb": 0.7414928129857208,
      "a_comb_se": 0.014652980570801492
    },
    {
      "N": 300,
      "nfac": 292,
      "a_cpl": 0.8032643878295584,
      "a_cpl_se": 0.01951351266191219,
      "a_dir": 0.6679573574933966,
      "a_dir_se": 0.02129682394752155,
      "a_comb": 0.7415121885150602,
      "a_comb_se": 0.014387352173439177
    },
    {
      "N": 600,
      "nfac": 553,
      "a_cpl": 0.8032447321283058,
      "a_cpl_se": 0.019515993489623792,
      "a_dir": 0.6681849169567757,
      "a_dir_se": 0.021267100788866778,
      "a_comb": 0.7415032282195587,
      "a_comb_se": 0.014379169915216617
    }
  ]
}