{
  "0.05": {
    "P_CF": 3.070860658586156,
    "a_dir": 0.7361616221233324,
    "a_dir_se": 0.0323015642007237,
    "a_cpl": 0.9381354921872666,
    "a_cpl_se": 0.10683328788659358,
    "a_comb": 0.7530791853754242,
    "a_comb_se": 0.03091917556332319
  },
  "0.1": {
    "P_CF": 3.0987708469480424,
    "a_dir": 0.8427274794265837,
    "a_dir_se": 0.039041603971718186,
    "a_cpl": 1.0628046207118576,
    "a_cpl_se": 0.11768042553561198,
    "a_comb": 0.8645484270607829,
    "a_comb_se": 0.03705557576184697
  },
  "0.2": {
    "P_CF": 3.157152935278269,
    "a_dir": 0.9921635735640362,
    "a_dir_se": 0.029648676377518262,
    "a_cpl": 1.1271518346529403,
    "a_cpl_se": 0.07647843435286882,
    "a_comb": 1.0098004213405976,
    "a_comb_se": 0.02764403731016003
  }
}